{
    "systemProperties": {
        "placementToolName": "SVCHLDRAWFPLACER",
        "canLink": true,
        "defaultHeight": 0,
        "customNameRenderHeight": 1.31,
        "offsetX": -11.8,
        "offsetY": -5.5,
        "colors": [
            16777215,
            16761344    
        ],
        "renderHeights": {
            "config(SVCDRAWFTYPE.DRAWF_DISTANT)": -1
        }
    },
        "seProperties": [
        {
            "name": "svcdrawftype",
            "enumClass": "SVCDRAWFTYPE",
            "defaultState": "OFF",
            "changeableStage": "GUISTAGE"
        },
        {   
            "name": "svcdrawfmain",
            "enumClass": "SVCDRAWFMAIN",
            "defaultState": "OFF",
            "changeableStage": "APISTAGE_NONE_CONFIG",
            "autoname": true,
            "dependencies": "config(SVCDRAWFTYPE.DRAWF_MAIN)"
        },
        {
            "name": "svcdrawfexit",
            "enumClass": "SVCDRAWFEXIT",
            "defaultState": "OFF",
            "changeableStage": "APISTAGE_NONE_CONFIG",
            "autoname": true,
            "dependencies": "config(SVCDRAWFTYPE.DRAWF_EXIT)"
        },
        {
            "name": "svcdrawfsh",
            "enumClass": "SVCDRAWFSH",
            "defaultState": "OFF",
            "changeableStage": "APISTAGE_NONE_CONFIG",
            "autoname": true,
            "dependencies": "config(SVCDRAWFTYPE.DRAWF_SHUNTING)"
        },
        {     
            "name": "svcdrawfdistant", 
            "enumClass": "SVCDRAWFDISTANT",
            "defaultState": "OFF",
            "changeableStage": "APISTAGE_NONE_CONFIG",
            "autoname": false,
            "dependencies": "config(SVCDRAWFTYPE.DRAWF_DISTANT)"        
        },
        {
            "name": "sne2",
            "enumClass": "SNE2",
            "defaultState": false,
            "autoname": false,
            "changeableStage": "GUISTAGE"
        },
        {
            "name": "sne2_4",
            "enumClass": "SNE2_4",
            "defaultState": false,
            "autoname": false,
            "changeableStage": "GUISTAGE"
        }
    ]
}