{
    "currentSignals": ["hlsignal", "hlsignalbridge"],
    "nextSignals": ["svcdrawf"],
    "savedPredicates": 
    {
    "stop": "config(svcdrawfmain.HP0) || config(svcdrawfmain.HL_ZS1) || config(svcdrawfmain.HL_SHUNTING) || config(svcdrawfexit.HP0) || config(svcdrawfexit.HL_ZS1) || config(svcdrawfexit.HL_SHUNTING) || config(svcdrawfsh.HP0) || config(svcdrawfsh.HP0_ALTERNATE_RED) || config(svcdrawfsh.HL_ZS1) || config(svcdrawfsh.HL_SHUNTING)",
    "drive": "config(svcdrawfexit.HL1) || config(svcdrawfmain.HL1) || config(svcdrawfmain.HL4) || config(svcdrawfmain.HL10)",
    "slow": "config(svcdrawfmain.HL2_3) || config(svcdrawfmain.HL5_6) || config(svcdrawfmain.HL7) || config(svcdrawfmain.HL8_9) || config(svcdrawfmain.HL11_12) || config(svcdrawfexit.HL2_3)"
    },
"values": 
    {
    "map(stop) && (speed(<.1) || speed(>=.11))": ["mainlightsignallightbar.OFF", "mainlightsignal.HL10", "mainlightsignal_distant.HL10", "exitsignal.HL1", "blocksignal.HL10", "blockexitsignal.HL1"],
    "map(stop) && speed(>=.1) && speed(<=.5)": ["mainlightsignallightbar.OFF", "mainlightsignal.HL11_12", "mainlightsignal_distant.HL10", "exitsignal.HL2_3", "blocksignal.HL10", "blockexitsignal.HL1"],
    "map(stop) && speed(>=.6) && speed(<=.9)": ["mainlightsignallightbar.YELLOW", "mainlightsignal.HL11_12", "mainlightsignal_distant.HL10", "exitsignal.HL2_3", "blocksignal.HL10", "blockexitsignal.HL1"],
    "map(stop) && speed(==.10)": ["mainlightsignallightbar.GREEN", "mainlightsignal.HL11_12", "mainlightsignal_distant.HL10", "exitsignal.HL2_3", "blocksignal.HL10", "blockexitsignal.HL1"],

    "map(drive) && (speed(<.1) || speed(>=.11))": ["mainlightsignallightbar.OFF", "mainlightsignal.HL1", "mainlightsignal_distant.HL1", "exitsignal.HL1", "blocksignal.HL1", "blockexitsignal.HL1"],
    "map(drive) && speed(>=.1) && speed(<=.5)": ["mainlightsignallightbar.OFF", "mainlightsignal.HL2_3", "mainlightsignal_distant.HL1", "exitsignal.HL2_3", "blocksignal.HL1", "blockexitsignal.HL1"],
    "map(drive) && speed(>=.6) && speed(<=.9)": ["mainlightsignallightbar.YELLOW", "mainlightsignal.HL2_3", "mainlightsignal_distant.HL1", "exitsignal.HL2_3", "blocksignal.HL1", "blockexitsignal.HL1"],
    "map(drive) && speed(==.10)": ["mainlightsignallightbar.GREEN", "mainlightsignal.HL2_3", "mainlightsignal_distant.HL1", "exitsignal.HL2_3", "blocksignal.HL1", "blockexitsignal.HL1"],

    "(map(slow) && (speed(<.1) || speed(>=.11))": ["mainlightsignallightbar.OFF", "mainlightsignal.HL7", "mainlightsignal_distant.HL7", "exitsignal.HL1", "blocksignal.HL1", "blockexitsignal.HL1"],
    "(map(slow) && speed(>=.1) && speed(<=.5)": ["mainlightsignallightbar.OFF", "mainlightsignal.HL8_9", "mainlightsignal_distant.HL7", "exitsignal.HL1", "blocksignal.HL1", "blockexitsignal.HL1"],
    "(map(slow) && speed(>=.6) && speed(<=.9)": ["mainlightsignallightbar.YELLOW", "mainlightsignal.HL8_9", "mainlightsignal_distant.HL7", "exitsignal.HL1", "blocksignal.HL1", "blockexitsignal.HL1"],
    "(map(slow) && speed(==.10)": ["mainlightsignallightbar.GREEN", "mainlightsignal.HL8_9", "mainlightsignal_distant.HL7", "exitsignal.HL1", "blocksignal.HL1", "blockexitsignal.HL1"],

        "zs2value(A)": ["zs2.A"],
        "zs2value(B)": ["zs2.B"],
        "zs2value(C)": ["zs2.C"],
        "zs2value(D)": ["zs2.D"],
        "zs2value(E)": ["zs2.E"],
        "zs2value(F)": ["zs2.F"],
        "zs2value(G)": ["zs2.G"],
        "zs2value(H)": ["zs2.H"],
        "zs2value(I)": ["zs2.I"],
        "zs2value(J)": ["zs2.J"],
        "zs2value(K)": ["zs2.K"],
        "zs2value(L)": ["zs2.L"],
        "zs2value(M)": ["zs2.M"],
        "zs2value(N)": ["zs2.N"],
        "zs2value(O)": ["zs2.O"],
        "zs2value(P)": ["zs2.P"],
        "zs2value(Q)": ["zs2.Q"],
        "zs2value(R)": ["zs2.R"],
        "zs2value(S)": ["zs2.S"],
        "zs2value(T)": ["zs2.T"],
        "zs2value(U)": ["zs2.U"],
        "zs2value(V)": ["zs2.V"],
        "zs2value(W)": ["zs2.W"],
        "zs2value(X)": ["zs2.X"],
        "zs2value(Y)": ["zs2.Y"],
        "zs2value(Z)": ["zs2.Z"],
        "zs2value(ZS6)" : ["zs2.ZS6"],
        "zs2value(ZS13)": ["zs2.ZS13"]
    }
}    
