{
	"credit": "Made with Blockbench by SKywalkerValle",
	"texture_size": [32, 32],
	"textures": {
		"0": "opensignals:blocks/default/shield_gray",
		"1": "opensignals:blocks/default/shield_black",
		"6": "opensignals:blocks/sh/sh_back",
		"7": "opensignals:blocks/default/white",
		"lamp_yellow" :"opensignals:blocks/lamps/lamp_dark",
		"lamp_green": "opensignals:blocks/lamps/lamp_dark",
		"lamp_white": "opensignals:blocks/lamps/lamp_dark",
		"particle": "opensignals:blocks/default/shield_black"
	},
	"elements": [
		{
			"from": [3, 3, 6],
			"to": [13, 10, 10],
			"faces": {
				"north": {"uv": [0, 0, 6, 3], "texture": "#1"},
				"east": {"uv": [0, 0, 2, 3], "texture": "#1"},
				"south": {"uv": [10, 5, 1, 14], "texture": "#6"},
				"west": {"uv": [0, 0, 2, 3], "texture": "#1"},
				"down": {"uv": [0, 0, 6, 2], "texture": "#1"}
			}
		},
		{
			"from": [3, 10, 6],
			"to": [13, 17, 10],
			"faces": {
				"north": {"uv": [1, 0.5, 14.5, 11], "texture": "#1"},
				"east": {"uv": [0, 0, 2, 3], "texture": "#1"},
				"south": {"uv": [9, 4, 0, 14], "texture": "#6"},
				"west": {"uv": [0, 0, 2, 3], "texture": "#1"},
				"up": {"uv": [0, 0, 6, 2], "texture": "#1"}
			}
		},
		{
			"name": "cube_ground",
			"from": [7, 0, 7],
			"to": [9, 3, 9],
			"faces": {
				"north": {"uv": [0, 0, 1, 1], "texture": "#0"},
				"east": {"uv": [0, 0, 1, 1], "texture": "#0"},
				"south": {"uv": [0, 0, 1, 1], "texture": "#0"},
				"west": {"uv": [0, 0, 1, 1], "texture": "#0"},
				"down": {"uv": [0, 0, 0, 0], "texture": "#0"}
			}
		},
		{
			"name": "lamp_green",
			"from": [4, 11.9, 5.9],
			"to": [7, 14.9, 5.9],
			"rotation": {"angle": 0, "axis": "y", "origin": [-2.5, -1.1, 0]},
			"color": 8,
			"faces": {
				"north": {"uv": [1, 1, 3, 3], "texture": "#lamp_green"}
			}
		},
		{
			"name": "lamp_yellow",
			"from": [9, 11.9, 5.9],
			"to": [12, 14.9, 5.9],
			"rotation": {"angle": 0, "axis": "y", "origin": [2.5, -1.1, 0]},
			"faces": {
				"north": {"uv": [1, 1, 3, 3], "texture": "#lamp_yellow"}
			}
		},
		{
			"name": "lamp_white",
			"from": [9.7, 6.9, 5.9],
			"to": [11.7, 8.9, 5.9],
			"rotation": {"angle": 0, "axis": "y", "origin": [2.2, -7.1, 0]},
			"color": 8,
			"faces": {
				"north": {"uv": [1, 1, 3, 3], "texture": "#lamp_white"}
			}
		},
		{
			"from": [12, 12.9, 5],
			"to": [12.5, 14.9, 6],
			"rotation": {"angle": 0, "axis": "y", "origin": [2.5, -1.1, 0]},
			"faces": {
				"north": {"uv": [0, 0, 0.25, 0.5], "texture": "#1"},
				"east": {"uv": [0, 0, 0.5, 0.5], "texture": "#1"},
				"west": {"uv": [0, 0, 0.5, 0.5], "texture": "#1"},
				"up": {"uv": [0, 0, 0.25, 0.5], "texture": "#1"},
				"down": {"uv": [0, 0, 0.25, 0.5], "texture": "#1"}
			}
		},
		{
			"from": [8.5, 12.9, 5],
			"to": [9, 14.9, 6],
			"rotation": {"angle": 0, "axis": "y", "origin": [2.5, -1.1, 0]},
			"faces": {
				"north": {"uv": [0, 0, 0.25, 0.5], "texture": "#1"},
				"east": {"uv": [0, 0, 0.5, 0.5], "texture": "#1"},
				"west": {"uv": [0, 0, 0.5, 0.5], "texture": "#1"},
				"up": {"uv": [0, 0, 0.25, 0.5], "texture": "#1"},
				"down": {"uv": [0, 0, 0.25, 0.5], "texture": "#1"}
			}
		},
		{
			"from": [9, 14.9, 5],
			"to": [12, 15.4, 6],
			"rotation": {"angle": 0, "axis": "y", "origin": [2.5, -1.1, 0]},
			"faces": {
				"north": {"uv": [0, 0, 2, 0.25], "texture": "#1"},
				"east": {"uv": [0, 0, 0.5, 0.25], "texture": "#1"},
				"west": {"uv": [0, 0, 0.5, 0.25], "texture": "#1"},
				"up": {"uv": [0, 0, 2, 0.5], "texture": "#1"},
				"down": {"uv": [0, 0, 2, 0.5], "texture": "#1"}
			}
		},
		{
			"from": [4, 14.9, 5],
			"to": [7, 15.4, 6],
			"rotation": {"angle": 0, "axis": "y", "origin": [-2.5, -1.1, 0]},
			"faces": {
				"north": {"uv": [0, 0, 2, 0.25], "texture": "#1"},
				"east": {"uv": [0, 0, 0.5, 0.25], "texture": "#1"},
				"west": {"uv": [0, 0, 0.5, 0.25], "texture": "#1"},
				"up": {"uv": [0, 0, 2, 0.5], "texture": "#1"},
				"down": {"uv": [0, 0, 2, 0.5], "texture": "#1"}
			}
		},
		{
			"from": [3.5, 12.9, 5],
			"to": [4, 14.9, 6],
			"rotation": {"angle": 0, "axis": "y", "origin": [-2.5, -1.1, 0]},
			"faces": {
				"north": {"uv": [0, 0, 0.25, 0.5], "texture": "#1"},
				"east": {"uv": [0, 0, 0.5, 0.5], "texture": "#1"},
				"west": {"uv": [0, 0, 0.5, 0.5], "texture": "#1"},
				"up": {"uv": [0, 0, 0.25, 0.5], "texture": "#1"},
				"down": {"uv": [0, 0, 0.25, 0.5], "texture": "#1"}
			}
		},
		{
			"from": [7, 12.9, 5],
			"to": [7.5, 14.9, 6],
			"rotation": {"angle": 0, "axis": "y", "origin": [-2.5, -1.1, 0]},
			"faces": {
				"north": {"uv": [0, 0, 0.25, 0.5], "texture": "#1"},
				"east": {"uv": [0, 0, 0.5, 0.5], "texture": "#1"},
				"west": {"uv": [0, 0, 0.5, 0.5], "texture": "#1"},
				"up": {"uv": [0, 0, 0.25, 0.5], "texture": "#1"},
				"down": {"uv": [0, 0, 0.25, 0.5], "texture": "#1"}
			}
		},
		{
			"from": [9.2, 6.9, 5],
			"to": [9.7, 8.9, 6],
			"rotation": {"angle": 0, "axis": "y", "origin": [3.2, -7.1, 0]},
			"faces": {
				"north": {"uv": [0, 0, 0.25, 0.5], "texture": "#1"},
				"east": {"uv": [0, 0, 0.5, 0.5], "texture": "#1"},
				"west": {"uv": [0, 0, 0.5, 0.5], "texture": "#1"},
				"up": {"uv": [0, 0, 0.25, 0.5], "texture": "#1"},
				"down": {"uv": [0, 0, 0.25, 0.5], "texture": "#1"}
			}
		},
		{
			"from": [9.7, 8.9, 5],
			"to": [11.7, 9.4, 6],
			"rotation": {"angle": 0, "axis": "y", "origin": [2.2, -7.1, 0]},
			"faces": {
				"north": {"uv": [0, 0, 2, 0.25], "texture": "#1"},
				"east": {"uv": [0, 0, 0.5, 0.25], "texture": "#1"},
				"west": {"uv": [0, 0, 0.5, 0.25], "texture": "#1"},
				"up": {"uv": [0, 0, 2, 0.5], "texture": "#1"},
				"down": {"uv": [0, 0, 2, 0.5], "texture": "#1"}
			}
		},
		{
			"from": [11.7, 6.9, 5],
			"to": [12.2, 8.9, 6],
			"rotation": {"angle": 0, "axis": "y", "origin": [2.2, -7.1, 0]},
			"faces": {
				"north": {"uv": [0, 0, 0.25, 0.5], "texture": "#1"},
				"east": {"uv": [0, 0, 0.5, 0.5], "texture": "#1"},
				"west": {"uv": [0, 0, 0.5, 0.5], "texture": "#1"},
				"up": {"uv": [0, 0, 0.25, 0.5], "texture": "#1"},
				"down": {"uv": [0, 0, 0.25, 0.5], "texture": "#1"}
			}
		},
		{
			"name": "name",
			"from": [8.6, 17, 5.9],
			"to": [13.1, 21, 6.4],
			"faces": {
				"north": {"uv": [0, 0, 16, 16], "texture": "#7"},
				"east": {"uv": [0, 0, 5, 16], "texture": "#1"},
				"south": {"uv": [0, 0, 1, 1], "texture": "#1"},
				"west": {"uv": [0, 0, 5, 16], "texture": "#1"},
				"up": {"uv": [0, 0, 1, 1], "texture": "#1"},
				"down": {"uv": [0, 0, 1, 1], "texture": "#1"}
			}
		}
	],
	"display": {
		"thirdperson_righthand": {
			"rotation": [67.75, 0, 0],
			"translation": [0, -2, 0]
		}
	},
	"groups": [
		{
			"name": "body",
			"origin": [11, 16, 13],
			"color": 0,
			"children": [0, 1, 2]
		},
		{
			"name": "lamps",
			"origin": [11, 16, 13],
			"color": 0,
			"children": [3, 4, 5]
		},
		{
			"name": "hoods1",
			"origin": [8, 8, 8],
			"color": 0,
			"children": [6, 7, 8]
		},
		{
			"name": "hoods2",
			"origin": [8, 8, 8],
			"color": 0,
			"children": [9, 10, 11]
		},
		{
			"name": "hoods3",
			"origin": [8, 8, 8],
			"color": 0,
			"children": [12, 13, 14]
		},
		{
			"name": "hoods4",
			"origin": [8, 8, 8],
			"color": 0,
			"children": []
		},
		{
			"name": "hoods5",
			"origin": [8, 8, 8],
			"color": 0,
			"children": []
		},
		{
			"name": "hoods6",
			"origin": [8, 8, 8],
			"color": 0,
			"children": []
		},
		{
			"name": "signs",
			"origin": [8, 8, 8],
			"color": 0,
			"children": [15]
		}
	]
}