{
	"credit": "Made with Blockbench by SkywalkerValle",
	"texture_size": [32, 32],
	"textures": {
		"0": "opensignals:blocks/svc/hl_drawf/shield_gray",
		"1": "opensignals:blocks/svc/hl_drawf/shield_black",
		"5": "opensignals:blocks/svc/hl_drawf/sh_back",
		"7": "opensignals:blocks/svc/hl_drawf/white",
		"particle": "opensignals:blocks/svc/hl_drawf/shield_black",
		"mast": "opensignals:blocks/svc/hl_drawf/wrw",
		"lamp_red_1": "opensignals:blocks/svc/hl_lamps/lamp_dark",
		"lamp_red_2": "opensignals:blocks/svc/hl_lamps/lamp_dark",
		"lamp_white_1": "opensignals:blocks/svc/hl_lamps/lamp_dark",
		"lamp_white_2": "opensignals:blocks/svc/hl_lamps/lamd_dark"
		
	},
	"elements": [
		{
			"from": [3, 3, 6],
			"to": [13, 10, 10],
			"faces": {
				"north": {"uv": [0, 0, 6, 3], "texture": "#1"},
				"east": {"uv": [0, 0, 2, 3], "texture": "#1"},
				"south": {"uv": [14, 1, 5, 11], "texture": "#5"},
				"west": {"uv": [0, 0, 2, 3], "texture": "#1"},
				"down": {"uv": [0, 0, 6, 2], "texture": "#1"}
			}
		},
		{
			"from": [3, 10, 6],
			"to": [13, 17, 10],
			"faces": {
				"north": {"uv": [1, 0.5, 14.5, 11], "texture": "#1"},
				"east": {"uv": [0, 0, 2, 3], "texture": "#1"},
				"south": {"uv": [15, 0, 6, 10], "rotation": 180, "texture": "#5"},
				"west": {"uv": [0, 0, 2, 3], "texture": "#1"},
				"up": {"uv": [0, 0, 6, 2], "texture": "#1"}
			}
		},
		{
			"name": "cube_ground",
			"from": [7, 0, 7],
			"to": [9, 3, 9],
			"faces": {
				"north": {"uv": [0, 0, 1, 1], "texture": "#0"},
				"east": {"uv": [0, 0, 1, 1], "texture": "#0"},
				"south": {"uv": [0, 0, 1, 1], "texture": "#0"},
				"west": {"uv": [0, 0, 1, 1], "texture": "#0"},
				"up": {"uv": [0, 0, 0, 0], "texture": "#0"},
				"down": {"uv": [0, 0, 0, 0], "texture": "#0"}
			}
		},
		{
			"name": "lamp_red_1",
			"from": [6.5, 13, 5.9],
			"to": [9.5, 16, 5.9],
			"faces": {
				"north": {"uv": [1, 1, 3, 3], "texture": "#lamp_red_1"}
			}
		},
		{
			"name": "lamp_red_2",
			"from": [9, 7, 5.9],
			"to": [11, 9, 5.9],
			"faces": {
				"north": {"uv": [1, 1, 3, 3], "texture": "#lamp_red_2"}
			}
		},
		{
			"name": "lamp_white_1",
			"from": [5, 7, 5.9],
			"to": [7, 9, 5.9],
			"faces": {
				"north": {"uv": [1, 1, 3, 3], "texture": "#lamp_white_1"}
			}
		},
		{
			"name": "lamp_white_2",
			"from": [9, 4, 5.9],
			"to": [11, 6, 5.9],
			"faces": {
				"north": {"uv": [1, 1, 3, 3], "texture": "#lamp_white_2"}
			}
		},
		{
			"from": [7, 8, 5],
			"to": [7.5, 9, 6],
			"faces": {
				"north": {"uv": [0, 0, 0.25, 0.5], "texture": "#1"},
				"east": {"uv": [0, 0, 0.5, 0.5], "texture": "#1"},
				"west": {"uv": [0, 0, 0.5, 0.5], "texture": "#1"},
				"up": {"uv": [0, 0, 0.25, 0.5], "texture": "#1"},
				"down": {"uv": [0, 0, 0.25, 0.5], "texture": "#1"}
			}
		},
		{
			"from": [4.5, 8, 5],
			"to": [5, 9, 6],
			"faces": {
				"north": {"uv": [0, 0, 0.25, 0.5], "texture": "#1"},
				"east": {"uv": [0, 0, 0.5, 0.5], "texture": "#1"},
				"west": {"uv": [0, 0, 0.5, 0.5], "texture": "#1"},
				"up": {"uv": [0, 0, 0.25, 0.5], "texture": "#1"},
				"down": {"uv": [0, 0, 0.25, 0.5], "texture": "#1"}
			}
		},
		{
			"from": [5, 9, 5],
			"to": [7, 9.5, 6],
			"faces": {
				"north": {"uv": [0, 0, 2, 0.25], "texture": "#1"},
				"east": {"uv": [0, 0, 0.5, 0.25], "texture": "#1"},
				"west": {"uv": [0, 0, 0.5, 0.25], "texture": "#1"},
				"up": {"uv": [0, 0, 2, 0.5], "texture": "#1"},
				"down": {"uv": [0, 0, 2, 0.5], "texture": "#1"}
			}
		},
		{
			"from": [9, 6, 5],
			"to": [11, 6.5, 6],
			"faces": {
				"north": {"uv": [0, 0, 1, 0.25], "texture": "#1"},
				"east": {"uv": [0, 0, 0.5, 0.25], "texture": "#1"},
				"west": {"uv": [0, 0, 0.5, 0.25], "texture": "#1"},
				"up": {"uv": [0, 0, 1, 0.5], "texture": "#1"},
				"down": {"uv": [0, 0, 1, 0.5], "texture": "#1"}
			}
		},
		{
			"from": [11, 5, 5],
			"to": [11.5, 6, 6],
			"faces": {
				"north": {"uv": [0, 0, 0.25, 0.5], "texture": "#1"},
				"east": {"uv": [0, 0, 0.5, 0.5], "texture": "#1"},
				"west": {"uv": [0, 0, 0.5, 0.5], "texture": "#1"},
				"up": {"uv": [0, 0, 0.25, 0.5], "texture": "#1"},
				"down": {"uv": [0, 0, 0.25, 0.5], "texture": "#1"}
			}
		},
		{
			"from": [8.5, 5, 5],
			"to": [9, 6, 6],
			"faces": {
				"north": {"uv": [0, 0, 0.25, 0.5], "texture": "#1"},
				"east": {"uv": [0, 0, 0.5, 0.5], "texture": "#1"},
				"west": {"uv": [0, 0, 0.5, 0.5], "texture": "#1"},
				"up": {"uv": [0, 0, 0.25, 0.5], "texture": "#1"},
				"down": {"uv": [0, 0, 0.25, 0.5], "texture": "#1"}
			}
		},
		{
			"from": [11, 8, 5],
			"to": [11.5, 9, 6],
			"faces": {
				"north": {"uv": [0, 0, 0.25, 0.5], "texture": "#1"},
				"east": {"uv": [0, 0, 0.5, 0.5], "texture": "#1"},
				"west": {"uv": [0, 0, 0.5, 0.5], "texture": "#1"},
				"up": {"uv": [0, 0, 0.25, 0.5], "texture": "#1"},
				"down": {"uv": [0, 0, 0.25, 0.5], "texture": "#1"}
			}
		},
		{
			"from": [8.5, 8, 5],
			"to": [9, 9, 6],
			"faces": {
				"north": {"uv": [0, 0, 0.25, 0.5], "texture": "#1"},
				"east": {"uv": [0, 0, 0.5, 0.5], "texture": "#1"},
				"west": {"uv": [0, 0, 0.5, 0.5], "texture": "#1"},
				"up": {"uv": [0, 0, 0.25, 0.5], "texture": "#1"},
				"down": {"uv": [0, 0, 0.25, 0.5], "texture": "#1"}
			}
		},
		{
			"from": [9, 9, 5],
			"to": [11, 9.5, 6],
			"faces": {
				"north": {"uv": [0, 0, 2, 0.25], "texture": "#1"},
				"east": {"uv": [0, 0, 0.5, 0.25], "texture": "#1"},
				"west": {"uv": [0, 0, 0.5, 0.25], "texture": "#1"},
				"up": {"uv": [0, 0, 2, 0.5], "texture": "#1"},
				"down": {"uv": [0, 0, 2, 0.5], "texture": "#1"}
			}
		},
		{
			"from": [9.5, 14, 5],
			"to": [10, 16, 6],
			"faces": {
				"north": {"uv": [0, 0, 0.25, 0.5], "texture": "#1"},
				"east": {"uv": [0, 0, 0.5, 0.5], "texture": "#1"},
				"west": {"uv": [0, 0, 0.5, 0.5], "texture": "#1"},
				"up": {"uv": [0, 0, 0.25, 0.5], "texture": "#1"},
				"down": {"uv": [0, 0, 0.25, 0.5], "texture": "#1"}
			}
		},
		{
			"from": [6, 14, 5],
			"to": [6.5, 16, 6],
			"faces": {
				"north": {"uv": [0, 0, 0.25, 0.5], "texture": "#1"},
				"east": {"uv": [0, 0, 0.5, 0.5], "texture": "#1"},
				"west": {"uv": [0, 0, 0.5, 0.5], "texture": "#1"},
				"up": {"uv": [0, 0, 0.25, 0.5], "texture": "#1"},
				"down": {"uv": [0, 0, 0.25, 0.5], "texture": "#1"}
			}
		},
		{
			"from": [6.5, 16, 5],
			"to": [9.5, 16.5, 6],
			"faces": {
				"north": {"uv": [0, 0, 2, 0.25], "texture": "#1"},
				"east": {"uv": [0, 0, 0.5, 0.25], "texture": "#1"},
				"west": {"uv": [0, 0, 0.5, 0.25], "texture": "#1"},
				"up": {"uv": [0, 0, 2, 0.5], "texture": "#1"},
				"down": {"uv": [0, 0, 2, 0.5], "texture": "#1"}
			}
		},
		{
			"name": "name",
			"from": [4.5, 3.5, 5.9],
			"to": [7.5, 6.5, 6.9],
			"faces": {
				"north": {"uv": [0, 0, 16, 16], "texture": "#7"},
				"east": {"uv": [0, 0, 5, 16], "texture": "#1"},
				"south": {"uv": [0, 0, 1, 1], "texture": "#1"},
				"west": {"uv": [0, 0, 5, 16], "texture": "#1"},
				"up": {"uv": [0, 0, 1, 1], "texture": "#1"},
				"down": {"uv": [0, 0, 1, 1], "texture": "#1"}
			}
		},
		{
			"name": "wrw",
			"from": [10.5, 9.9, 5.9],
			"to": [12.5, 16.9, 6.9],
			"faces": {
				"north": {"uv": [0, 1, 16, 16], "texture": "#mast"},
				"east": {"uv": [0, 0, 5, 16], "texture": "#1"},
				"south": {"uv": [0, 0, 1, 1], "texture": "#1"},
				"west": {"uv": [0, 0, 5, 16], "texture": "#1"},
				"up": {"uv": [0, 0, 1, 1], "texture": "#1"},
				"down": {"uv": [0, 0, 1, 1], "texture": "#1"}
			}
		}
	],
	"display": {
		"thirdperson_righthand": {
			"rotation": [67.75, 0, 0],
			"translation": [0, -2, 0]
		}
	},
	"groups": [
		{
			"name": "body",
			"origin": [11, 16, 13],
			"color": 0,
			"children": [0, 1, 2]
		},
		{
			"name": "lamps",
			"origin": [11, 16, 13],
			"color": 0,
			"children": [3, 4, 5, 6]
		},
		{
			"name": "hoods1",
			"origin": [8, 8, 8],
			"color": 0,
			"children": [7, 8, 9]
		},
		{
			"name": "hoods2",
			"origin": [8, 8, 8],
			"color": 0,
			"children": [10, 11, 12]
		},
		{
			"name": "hoods3",
			"origin": [8, 8, 8],
			"color": 0,
			"children": [13, 14, 15]
		},
		{
			"name": "hoods4",
			"origin": [8, 8, 8],
			"color": 0,
			"children": [16, 17, 18]
		},
		{
			"name": "signs",
			"origin": [8, 8, 8],
			"color": 0,
			"children": [19, 20]
		}
	]
}