{
	"credit": "Made with Blockbench by SkywalkerValle",
	"textures": {
		"0": "opensignals:items/svc/svchldrawfplacer",
		"particle": "opensignals:items/svc/svchldrawfplacer"
	},
	"elements": [
		{
			"from": [0, 0, 8],
			"to": [8, 12.5, 9],
			"faces": {
				"north": {"uv": [0, 0, 8, 13.5], "texture": "#0"},
				"east": {"uv": [7.5, 0, 7.5, 13.5], "texture": "#0"},
				"south": {"uv": [0, 0, 8, 13.5], "texture": "#0"},
				"west": {"uv": [0, 0, 0.5, 13.5], "texture": "#0"},
				"up": {"uv": [0, 0, 7.5, 0.5], "texture": "#0"},
				"down": {"uv": [0, 13.5, 8, 13], "texture": "#0"}
			}
		}
	]
}