{
	"credit": "Made with Blockbench by SkywalkerValle",
	"textures": {
		"0": "opensignals:items/svc/svchldrawfplacer",
		"particle": "opensignals:items/svc/svchldrawfplacer"
	},
	"elements": [
		{
			"from": [4, 2, 8],
			"to": [12, 12.5, 9],
			"faces": {
				"north": {"uv": [0, 0, 8, 11], "texture": "#0"},
				"east": {"uv": [7.5, 0, 8, 11], "texture": "#0"},
				"south": {"uv": [0, 0, 8, 11], "texture": "#0"},
				"west": {"uv": [7.5, 0.5, 8, 11], "texture": "#0"},
				"up": {"uv": [0, 0, 7.5, 0.5], "texture": "#0"},
				"down": {"uv": [0, 11, 8, 10.5], "texture": "#0"}
			}
		},
		{
			"from": [7.5, 0, 8],
			"to": [8.5, 2, 9],
			"faces": {
				"north": {"uv": [3.5, 11, 4.5, 13.5], "texture": "#0"},
				"east": {"uv": [3.5, 11, 4.5, 13.5], "texture": "#0"},
				"south": {"uv": [3.5, 11, 4.5, 13.5], "texture": "#0"},
				"west": {"uv": [3.5, 11, 4.5, 13.5], "texture": "#0"},
				"up": {"uv": [3.5, 11, 4.5, 13.5], "texture": "#0"},
				"down": {"uv": [3.5, 11, 4.5, 13.5], "texture": "#0"}
			}
		}
	]
}