{
    "currentSignals": ["svcdrawf"],
    "values": {
        "":["svcdrawfsh.HL_STATUS_LIGHT"],
        "speed(<.1) || speed(>=.11)": ["svcdrawfmain.HL1","svcdrawfexit.HL1", "svcdrawfdistant.HL1"],
        "speed(>=.1) && speed(<=.5)": ["svcdrawfmain.HL11_12", "svcdrawfexit.HL2_3", "svcdrawfdistant.HL1"],
        "speed(>=.6) && speed(<=.9)": ["svcdrawfmain.HL11_12", "svcdrawfexit.HL2_3", "svcdrawfdistant.HL1"],
        "speed(==.10)": ["svcdrawfmain.HL11_12", "svcdrawfexit.HL2_3", "svcdrawfdistant.HL1"]
    }
}