{
    "currentSignal": "svcdrawf",
    "values": {
        "":["svcdrawfsh.HL_SHUNTING"],
        "speed(<.1) || speed(>=.11)": ["svcdrawfmain.HL1","svcdrawfexit.HL1", "svcdrawfsh.HL_SHUNTING"],
        "speed(>=.1) && speed(<=.5)": ["svcdrawfmain.HL11_12", "svcdrawfexit.HL2_3", "svcdrawfsh.HL_SHUNTING"],
        "speed(>=.6) && speed(<=.9)": ["svcdrawfmain.HL11_12", "svcdrawfexit.HL2_3", "svcdrawfsh.HL_SHUNTING"],
        "speed(==.10)": ["svcdrawfexit.HL4", "svcdrawfmain.HL4", "svcdrawfsh.HL_SHUNTING"]
    }
}