{
    "currentSignal": "svcdrawf",
    "values": {
        "":["svcdrawfsh.HL_STATUS_LIGHT"],
        "speed(<.1) || speed(>=.11)": ["svcdrawfmain.HL1","svcdrawfexit.HL1", "svcdrawfsh.HL_STATUS_LIGHT"],
        "speed(>=.1) && speed(<=.5)": ["svcdrawfmain.HL11_12", "svcdrawfexit.HL2_3", "svcdrawfsh.HL_STATUS_LIGHT"],
        "speed(>=.6) && speed(<=.9)": ["svcdrawfmain.HL11_12", "svcdrawfexit.HL2_3", "svcdrawfsh.HL_STATUS_LIGHT"],
        "speed(==.10)": ["svcdrawfmain.HL11_12", "svcdrawfexit.HL2_3", "svcdrawfsh.HL_STATUS_LIGHT"]
    }
}