{
    "currentSignals": ["hlsignal"],
    "nextSignals": ["svcdrawf"],
    "savedPredicates": 
    {
    "stop": "config(svcdrawfmain.HP0) || config(svcdrawfmain.HL_ZS1) || config(svcdrawfmain.HL_SHUNTING) || config(svcdrawfexit.HP0) || config(svcdrawfexit.HL_ZS1) || config(svcdrawfexit.HL_SHUNTING) || config(svcdrawfsh.HP0) || config(svcdrawfsh.HP0_ALTERNATE_RED) || config(svcdrawfsh.HL_ZS1) || config(svcdrawfsh.HL_SHUNTING)",
    "drive": "config(svcdrawfexit.HL1) || config(svcdrawfmain.HL1) || config(svcdrawfmain.HL4) || config(svcdrawfmain.HL10) ||  config(svcdrawfsh.HL_STATUS_LIGHT) ",
    "slow": "config(svcdrawfmain.HL2_3) || config(svcdrawfmain.HL5_6) || config(svcdrawfmain.HL7) || config(svcdrawfmain.HL8_9) || config(svcdrawfmain.HL11_12) || config(svcdrawfexit.HL2_3) || config(svcdrawfsh.HL_STATUS_LIGHT)"
    },
"values": 
    {
    "map(stop) && (speed(<.1) || speed(>=.11))": ["mainlightsignallightbar.OFF", "mainlightsignal.HL10", "mainlightsignal_distant.HL10", "exitsignal.HL1", "blocksignal.HL10", "blockexitsignal.HL1"],
    "map(stop) && speed(>=.1) && speed(<=.5)": ["mainlightsignallightbar.OFF", "mainlightsignal.HL11_12", "mainlightsignal_distant.HL10", "exitsignal.HL2_3", "blocksignal.HL10", "blockexitsignal.HL1"],
    "map(stop) && speed(>=.6) && speed(<=.9)": ["mainlightsignallightbar.YELLOW", "mainlightsignal.HL11_12", "mainlightsignal_distant.HL10", "exitsignal.HL2_3", "blocksignal.HL10", "blockexitsignal.HL1"],
    "map(stop) && speed(==.10)": ["mainlightsignallightbar.GREEN", "mainlightsignal.HL11_12", "mainlightsignal_distant.HL10", "exitsignal.HL2_3", "blocksignal.HL10", "blockexitsignal.HL1"],

    "map(drive) && (speed(<.1) || speed(>=.11))": ["mainlightsignallightbar.OFF", "mainlightsignal.HL1", "mainlightsignal_distant.HL1", "exitsignal.HL1", "blocksignal.HL1", "blockexitsignal.HL1"],
    "map(drive) && speed(>=.1) && speed(<=.5)": ["mainlightsignallightbar.OFF", "mainlightsignal.HL2_3", "mainlightsignal_distant.HL1", "exitsignal.HL2_3", "blocksignal.HL1", "blockexitsignal.HL1"],
    "map(drive) && speed(>=.6) && speed(<=.9)": ["mainlightsignallightbar.YELLOW", "mainlightsignal.HL2_3", "mainlightsignal_distant.HL1", "exitsignal.HL2_3", "blocksignal.HL1", "blockexitsignal.HL1"],
    "map(drive) && speed(==.10)": ["mainlightsignallightbar.GREEN", "mainlightsignal.HL2_3", "mainlightsignal_distant.HL1", "exitsignal.HL2_3", "blocksignal.HL1", "blockexitsignal.HL1"],

    "(map(slow) && (speed(<.1) || speed(>=.11))": ["mainlightsignallightbar.OFF", "mainlightsignal.HL7", "mainlightsignal_distant.HL7", "exitsignal.HL1", "blocksignal.HL1", "blockexitsignal.HL1"],
    "(map(slow) && speed(>=.1) && speed(<=.5)": ["mainlightsignallightbar.OFF", "mainlightsignal.HL8_9", "mainlightsignal_distant.HL7", "exitsignal.HL1", "blocksignal.HL1", "blockexitsignal.HL1"],
    "(map(slow) && speed(>=.6) && speed(<=.9)": ["mainlightsignallightbar.YELLOW", "mainlightsignal.HL8_9", "mainlightsignal_distant.HL7", "exitsignal.HL1", "blocksignal.HL1", "blockexitsignal.HL1"],
    "(map(slow) && speed(==.10)": ["mainlightsignallightbar.GREEN", "mainlightsignal.HL8_9", "mainlightsignal_distant.HL7", "exitsignal.HL1", "blocksignal.HL1", "blockexitsignal.HL1"]
    }
}