{
"currentSignals": ["svcdrawf"],
"nextSignals": ["svcdrawf"],
"savedPredicates": 
    {
    "stop": "config(svcdrawfmain.HP0) || config(svcdrawfmain.HL_ZS1) || config(svcdrawfmain.HL_SHUNTING) || config(svcdrawfexit.HP0) || config(svcdrawfexit.HL_ZS1) || config(svcdrawfexit.HL_SHUNTING) || config(svcdrawfsh.HP0) || config(svcdrawfsh.HP0_ALTERNATE_RED) || config(svcdrawfsh.HL_ZS1) || config(svcdrawfsh.HL_SHUNTING)",
    "drive": "config(svcdrawfexit.HL1) || config(svcdrawfmain.HL1) || config(svcdrawfmain.HL4) || config(svcdrawfmain.HL10) || config(svcdrawfsh.HL_STATUS_LIGHT)",
    "slow": "config(svcdrawfmain.HL2_3) || config(svcdrawfmain.HL5_6) || config(svcdrawfmain.HL8_9) || config(svcdrawfmain.HL7) || config(svcdrawfmain.HL11_12) || config(svcdrawfexit.HL2_3) || config(svcdrawfsh.HL_STATUS_LIGHT)"
    },

    "values": 
    {
        "":["svcdrawfsh.HL_STATUS_LIGHT"],
        "map(stop) && (speed(<.1) || speed(>=.11))": ["svcdrawfmain.HL10", "svcdrawfexit.HL1", "svcdrawfsh.HL_STATUS_LIGHT", "svcdrawfdistant.HL10"],
        "map(stop) && speed(>=.1) && speed(<=.5)": ["svcdrawfmain.HL11_12", "svcdrawfexit.HL2_3", "svcdrawfsh.HL_STATUS_LIGHT", "svcdrawfdistant.HL10"],
        "map(stop) && speed(>=.6) && speed(<=.9)": ["svcdrawfmain.HL11_12", "svcdrawfexit.HL2_3", "svcdrawfsh.HL_STATUS_LIGHT", "svcdrawfdistant.HL10"],
        "map(stop) && speed(==.10)": ["svcdrawfmain.HL11_12", "svcdrawfexit.HL2_3", "svcdrawfsh.HL_STATUS_LIGHT", "svcdrawfdistant.HL10"],
        
        "map(drive) && (speed(<.1) || speed(>=.11))": ["svcdrawfmain.HL1", "svcdrawfexit.HL1", "svcdrawfsh.HL_STATUS_LIGHT", "svcdrawfdistant.HL1"],    
        "map(drive) && speed(>=.1) && speed(<=.5)": ["svcdrawfmain.HL2_3", "svcdrawfexit.HL2_3", "svcdrawfsh.HL_STATUS_LIGHT", "svcdrawfdistant.HL1"],
        "map(drive) && speed(>=.6) && speed(<=.9)": ["svcdrawfmain.HL2_3", "svcdrawfexit.HL2_3", "svcdrawfsh.HL_STATUS_LIGHT", "svcdrawfdistant.HL1"],
        "map(drive) && speed(==.10)": ["svcdrawfmain.HL2_3", "svcdrawfexit.HL2_3", "svcdrawfsh.HL_STATUS_LIGHT", "svcdrawfdistant.HL1"],
        
        "map(slow) && (speed(<.1) || speed(>=.11))": ["svcdrawfmain.HL7", "svcdrawfexit.HL1", "svcdrawfsh.HL_STATUS_LIGHT", "svcdrawfdistant.HL7"],
        "map(slow) && speed(>=.1) && speed(<=.5)": ["svcdrawfmain.HL8_9", "svcdrawfexit.HL2_3", "svcdrawfsh.HL_STATUS_LIGHT", "svcdrawfdistant.HL7"],
        "map(slow) && speed(>=.6) && speed(<=.9)": ["svcdrawfmain.HL8_9", "svcdrawfexit.HL2_3", "svcdrawfsh.HL_STATUS_LIGHT", "svcdrawfdistant.HL7"],
        "map(slow) && speed(==.10)": ["svcdrawfmain.HL8_9", "svcdrawfexit.HL1", "svcdrawfsh.HL_STATUS_LIGHT", "svcdrawfdistant.HL7"]
    }
}   
