{
"currentSignals": ["svcdrawf"],
"nextSignals": ["hlsignal"],
"savedPredicates": 
{
    "stop": "config(mainlightsignal.HP0) || config(mainlightsignal.HP0_ALTERNATE_RED) || config(mainlightsignal.HL_ZS1) || config(mainlightsignal.HL_SHUNTING) || config(exitsignal.HP0) || config(exitsignal.HP0_ALTERNATE_RED) || config(exitsignal.HL_ZS1) || config(exitsignal.HL_SHUNTING) || config(blocksignal.HP0) || config(blocksignal.HP0_ALTERNATE_RED) || config(blocksignal.HL_ZS1) || config(blockexitsignal.HP0) || config(blockexitsignal.HL_ZS1) || config(blockexitsignal.HL_SHUNTING)",
    "drive": "(config(mainlightsignal.HL1) || config(mainlightsignal.HL4) || config(mainlightsignal.HL7) || config(mainlightsignal.HL10) || config(exitsignal.HL1) || config(blocksignal.HL1) || config(blocksignal.HL10) || config(blockexitsignal.HL1)) && config(mainlightsignallightbar.OFF)",
    "slow": "config(mainlightsignal.HL2_3) || config(mainlightsignal.HL5_6) || config(mainlightsignal.HL8_9) || config(mainlightsignal.HL11_12) || config(exitsignal.HL2_3)",
    "40_60": "config(mainlightsignallightbar.OFF) || config(mainlightsignallightbar.YELLOW)",
    "100": "config(mainlightsignallightbar.GREEN)"
},
"values": 
    {
        "":["svcdrawfsh.HL_STATUS_LIGHT"],
        "map(stop) && (speed(<.1) || speed(>=.11))": ["svcdrawfmain.HL10", "svcdrawfexit.HL1", "svcdrawfsh.HL_STATUS_LIGHT", "svcdrawfdistant.HL10"],
        "map(stop) && speed(>=.1) && speed(<=.5)": ["svcdrawfmain.HL11_12", "svcdrawfexit.HL2_3", "svcdrawfsh.HL_STATUS_LIGHT", "svcdrawfdistant.HL10"],
        "map(stop) && speed(>=.6) && speed(<=.9)": ["svcdrawfmain.HL11_12", "svcdrawfexit.HL2_3", "svcdrawfsh.HL_STATUS_LIGHT", "svcdrawfdistant.HL10"],
        "map(stop) && speed(==.10)": ["svcdrawfmain.HL11_12", "svcdrawfexit.HL2_3", "svcdrawfsh.HL_STATUS_LIGHT", "svcdrawfdistant.HL10"],
        
        "map(drive) && (speed(<.1) || speed(>=.11))": ["svcdrawfmain.HL1", "svcdrawfexit.HL1", "svcdrawfsh.HL_STATUS_LIGHT", "svcdrawfdistant.HL1"],    
        "map(drive) && speed(>=.1) && speed(<=.5)": ["svcdrawfmain.HL2_3", "svcdrawfexit.HL2_3", "svcdrawfsh.HL_STATUS_LIGHT", "svcdrawfdistant.HL1"],
        "map(drive) && speed(>=.6) && speed(<=.9)": ["svcdrawfmain.HL2_3", "svcdrawfexit.HL2_3", "svcdrawfsh.HL_STATUS_LIGHT", "svcdrawfdistant.HL1"],
        "map(drive) && speed(==.10)": ["svcdrawfmain.HL2_3", "svcdrawfexit.HL2_3", "svcdrawfsh.HL_STATUS_LIGHT", "svcdrawfdistant.HL1"],
        
        "map(slow) && (speed(<.1) || speed(>=.11))": ["svcdrawfmain.HL7", "svcdrawfexit.HL1", "svcdrawfsh.HL_STATUS_LIGHT", "svcdrawfdistant.HL7"],
        "map(slow) && speed(>=.1) && speed(<=.5)": ["svcdrawfmain.HL8_9", "svcdrawfexit.HL2_3", "svcdrawfsh.HL_STATUS_LIGHT", "svcdrawfdistant.HL7"],
        "map(slow) && speed(>=.6) && speed(<=.9)": ["svcdrawfmain.HL8_9", "svcdrawfexit.HL2_3", "svcdrawfsh.HL_STATUS_LIGHT", "svcdrawfdistant.HL7"],
        "map(slow) && speed(==.10)": ["svcdrawfmain.HL8_9", "svcdrawfexit.HL1", "svcdrawfsh.HL_STATUS_LIGHT", "svcdrawfdistant.HL7"]
    }
}